id	row	cost	en	jp
V11-B12-G1-001	1	0.1972	After lunch, Mei found a blue umbrella near the school entrance.	昼食後、メイは学校の玄関近くで青い傘を見つけました。
V11-B12-G1-001	2	0.1892	A tag on it said Class 1-3, but the umbrella was in the Class 1-2 stand.	タグには1年3組と書かれていましたが、その傘は1年2組の傘立てにありました。
V11-B12-G1-001	3	0.3057	Mei did not take it to either classroom at once.	メイはすぐにどちらかの教室へ持って行くことはしませんでした。
V11-B12-G1-001	4	0.0069	She checked the lost-item table and saw a note from Ken in Class 1-3.	落とし物の表を確認すると、1年3組のケンからのメモがありました。
V11-B12-G1-001	5	0.0764	He had left a blue umbrella near the entrance before lunch.	ケンは昼食前に玄関近くへ青い傘を置き忘れていました。
V11-B12-G1-001	6	0.2125	Mei took the umbrella to the school office and told Ken where it was.	メイは傘を職員室へ持って行き、ケンに場所を伝えました。
V11-B12-G1-001	7	0.0232	The class number and the place helped her return the right umbrella without guessing.	組の番号と場所の手がかりのおかげで、メイは推測せず正しい傘を返すことができました。
V11-B12-G1-002	1	0.1196	On Thursday morning, Sora finished a library book and filled in his reading card.	木曜日の朝、ソラは図書館の本を読み終え、読書カードを書きました。
V11-B12-G1-002	2	0.1431	He almost put it into the box marked Friday because several cards were already there.	金曜日と書かれた箱にすでに何枚かカードが入っていたので、そこへ入れそうになりました。
V11-B12-G1-002	3	0.2356	Then he looked at the collection chart beside the boxes.	そこで、ソラは箱の横の回収表を見ました。
V11-B12-G1-002	4	0.0349	Thursday's cards would be collected after lunch, but Friday's box was for the next day.	木曜日のカードは昼食後に回収され、金曜日の箱は翌日用だと分かりました。
V11-B12-G1-002	5	0.0667	Sora moved his card to the Thursday box and told his friend why.	ソラはカードを木曜日の箱へ移し、友達にも理由を伝えました。
V11-B12-G1-002	6	0.1123	After lunch, the librarian collected the Thursday cards as the chart said.	昼食後、図書委員は表のとおり木曜日のカードを回収しました。
V11-B12-G1-002	7	1.536	A quick check of the weekday kept Sora's card from waiting an extra day.	曜日を少し確認したことで、ソラのカードが一日余計に待つことを防げました。
V11-B12-G1-003	1	0.3861	Aya's class had to meet in the hall at ten o'clock.	アヤのクラスは10時にホールへ集合することになっていました。
V11-B12-G1-003	2	0.1997	At 9:50, the classroom clock showed 9:55, so some students started to line up.	9時50分、教室の時計は9時55分を示していたため、何人かの生徒は並び始めました。
V11-B12-G1-003	3	0.0077	Aya looked at the clock on her tablet, which showed 9:50.	アヤがタブレットの時計を見ると9時50分でした。
V11-B12-G1-003	4	0.1147	Their teacher checked the office clock and found that the classroom clock was five minutes fast.	先生が職員室の時計を確認すると、教室の時計が5分進んでいることが分かりました。
V11-B12-G1-003	5	0.1798	The class waited a little longer and reached the hall at the planned time.	クラスは少し待ち、予定どおりの時刻にホールへ着きました。
V11-B12-G1-003	6	0.1213	Later, the teacher reset the classroom clock.	その後、先生は教室の時計を直しました。
V11-B12-G1-003	7	0.1127	The students learned why they had started lining up early even though the schedule had not changed.	予定は変わっていないのに、なぜ早く並び始めてしまったのか生徒たちは理解しました。
V11-B12-G1-004	1	0.0099	A poster near the stairs said, 'Music Club Welcome Day,' and its arrow pointed left.	階段の近くに「音楽部歓迎会」と書かれたポスターがあり、矢印は左を指していました。
V11-B12-G1-004	2	0.0957	Riku followed it and reached the old music room, but the door was locked.	リクがそのとおり進むと旧音楽室に着きましたが、扉には鍵がかかっていました。
V11-B12-G1-004	3	0.0183	A smaller notice on the door said that the club now met in Room 204 on the right side of the stairs.	扉の小さな掲示には、音楽部は今は階段の右側にある204教室で活動すると書かれていました。
V11-B12-G1-004	4	0.0744	Riku found the new room and told the club leader about the old arrow.	リクは新しい部屋を見つけ、部長に古い矢印のことを伝えました。
V11-B12-G1-004	5	1.3817	Before more visitors arrived, they covered the wrong arrow and added a new one.	さらに来客が来る前に、みんなで間違った矢印を隠し、新しい矢印を付けました。
V11-B12-G1-004	6	0.0168	The changed sign helped the next group reach Room 204 directly.	直した案内のおかげで、次の人たちは直接204教室へ行けました。
V11-B12-G1-005	1	0.3448	Before PE, Haru counted twelve soccer bibs for two teams of six.	体育の前、ハルは6人ずつ2チーム分としてサッカーのビブスを12枚数えました。
V11-B12-G1-005	2	0.4855	A few minutes later, the teacher said that four students from another class would join the game.	数分後、先生が別のクラスから4人加わると伝えました。
V11-B12-G1-005	3	0.0432	Haru first thought twelve bibs were still enough because the bags were already ready.	袋の準備が終わっていたため、ハルは最初12枚のままで足りると思いました。
V11-B12-G1-005	4	0.142	Then he counted the players: sixteen students needed two teams of eight.	しかし選手を数えると、16人を8人ずつの2チームにする必要がありました。
V11-B12-G1-005	5	1.6013	He brought four more bibs from the storage room and counted again.	ハルは倉庫から4枚追加し、もう一度数えました。
V11-B12-G1-005	6	0.2113	When the game began, every player had a bib.	試合が始まると全員がビブスを着けられました。
V11-B12-G1-005	7	0.1158	Recounting after the group changed prevented a problem on the field.	人数が変わった後に数え直したことで、グラウンドでの問題を防げました。
V11-B12-G1-006	1	0.2485	During lunch, Yui found a small note under her desk mat.	昼食中、ユイは自分の机のマットの下に小さなメモを見つけました。「
V11-B12-G1-006	2	0.0174	It said, 'Please bring your blue lunch cloth home today,' but Yui's cloth was yellow.	今日は青い給食用の布を持ち帰ってね」とありましたが、ユイの布は黄色でした。
V11-B12-G1-006	3	0.0856	She did not throw the note away.	ユイはメモを捨てませんでした。
V11-B12-G1-006	4	0.1976	The name at the bottom was partly covered, but she could read the first letter, M.	下の名前は一部隠れていましたが、最初の文字Mは読めました。
V11-B12-G1-006	5	0.3154	The student beside her was Mina, who used a blue lunch cloth.	隣の席のミナは青い布を使っていました。
V11-B12-G1-006	6	0.1613	Mina checked the note and recognized her mother's writing.	ミナがメモを見ると、母親の字だと分かりました。
V11-B12-G1-006	7	0.0062	The note had slipped under Yui's mat while the desks were being cleaned.	机を掃除したときに、メモがユイのマットの下へ入り込んだのでした。
V11-B12-G1-006	8	0.334	By checking the clues, Yui found the right owner.	手がかりを確かめることで、ユイは正しい持ち主を見つけました。
V11-B12-G1-007	1	0.2223	After art class, Kota saw a jar of dirty water beside several finished pictures.	図工の授業後、コウタは完成した絵のそばに汚れた水の入ったびんがあるのを見つけました。
V11-B12-G1-007	2	1.5365	Students were carrying bags past the table, and one bag almost touched the jar.	生徒たちがかばんを持って机の横を通り、あるかばんがびんに当たりそうになりました。
V11-B12-G1-007	3	0.1723	Kota did not leave it there for the cleaning group.	コウタは掃除係に任せてそのままにはしませんでした。
V11-B12-G1-007	4	0.2149	He moved the finished pictures to the drying shelf first, then carried the water jar to the sink.	まず完成した絵を乾燥棚へ移し、それから水のびんを流しへ運びました。
V11-B12-G1-007	5	0.0499	He also wiped the wet ring under the jar.	びんの下のぬれた跡も拭きました。
V11-B12-G1-007	6	0.2676	When the next class entered, the table was clear and the pictures were safe.	次のクラスが入ったとき、机は片づき、絵も安全でした。
V11-B12-G1-007	7	0.0891	Moving the wet materials before someone knocked them over protected the class's work.	誰かが倒す前にぬれた道具を動かしたことで、みんなの作品を守れました。
V11-B12-G1-008	1	0.2317	The class trip sheet told students to meet at Green Park Stop.	校外学習のプリントには、グリーンパーク停留所へ集合すると書かれていました。
V11-B12-G1-008	2	0.1444	On the morning of the trip, Nao saw a new sign there: River Park Stop.	当日の朝、ナオはそこに「リバーパーク停留所」という新しい表示を見つけました。
V11-B12-G1-008	3	0.2196	She checked the route map at the stop and found a note saying the stop had received a new name that week.	停留所の路線図を確認すると、その週に停留所名が変わったという案内がありました。
V11-B12-G1-008	4	0.0507	The bus number and location were unchanged.	バス番号と場所は変わっていませんでした。
V11-B12-G1-008	5	0.2459	Nao showed the note to her teacher, who explained the change to the class before they boarded.	ナオが先生に案内を見せると、先生は乗車前にクラスへ変更を説明しました。
V11-B12-G1-008	6	1.5407	No one walked to another stop just because the printed sheet used the old name.	印刷されたプリントが古い名前だったというだけで、別の停留所へ歩いて行く人はいませんでした。
V11-B12-G1-009	1	1.5369	Mio and Ren were both on animal duty.	ミオとレンは二人とも飼育当番でした。
V11-B12-G1-009	3	1.5075	Five minutes later, Ren saw the empty box on the chart and checked the door again.	5分後、レンは表が空欄なのを見て、扉をもう一度確認しました。
V11-B12-G1-009	4	0.0279	The hamster was safe, but the two students had done the same task.	ハムスターは安全でしたが、二人は同じ仕事をしていました。
V11-B12-G1-009	5	0.1575	They decided that the person who finished each job would mark the chart at once.	そこで仕事を終えた人がすぐ表に印を付けることにしました。
V11-B12-G1-009	6	0.1757	The next day, Ren saw Mio's mark and cleaned the water dish instead of repeating the door check.	翌日、レンはミオの印を見て、扉を再確認する代わりに水皿を洗いました。
V11-B12-G1-010	1	1.5611	After fifth-period PE, Toma found a blue scarf on a bench outside the gym.	5時間目の体育後、トウマは体育館の外のベンチで青いマフラーを見つけました。
V11-B12-G1-010	2	0.034	He remembered that two classes had used the gym that day, so he did not assume it belonged to someone in his class.	その日は二つのクラスが体育館を使っていたので、自分のクラスの誰かの物だとは決めつけませんでした。
V11-B12-G1-010	3	1.3959	The lost-item board showed that a student from Class 1-4 had reported a blue scarf missing after fourth period.	落とし物掲示には、1年4組の生徒が4時間目の後に青いマフラーをなくしたと届けていました。
V11-B12-G1-010	4	0.0947	Toma took the scarf to the office and mentioned where and when he had found it.	トウマは職員室へ持って行き、見つけた場所と時刻を伝えました。
V11-B12-G1-010	5	0.1631	The student later identified a small star mark inside the scarf.	後でその生徒は内側の小さな星印を確認しました。
V11-B12-G1-010	6	1.373	Time, place, and the mark all supported the return.	時刻、場所、印の三つが返却の根拠になりました。
V11-B12-G1-011	1	0.1468	In the library, Emi noticed that the return cart was parked in front of a low shelf.	図書室で、エミは返却本のカートが低い本棚の前に置かれていることに気づきました。
V11-B12-G1-011	2	1.3647	A younger student tried to reach a book but could not get close enough.	年下の生徒が本を取ろうとしましたが、十分近づけませんでした。
V11-B12-G1-011	3	0.312	Emi first moved the cart into the aisle, but then people had to walk around it.	エミは最初カートを通路へ動かしましたが、今度は人がよけて歩かなければなりませんでした。
V11-B12-G1-011	4	0.6966	She asked the librarian where it should go.	そこで司書の先生に置き場所を尋ね、一緒に返却カウンターの横へ移しました。
V11-B12-G1-011	5	0.8059	Together they placed it beside the return desk, where it did not block shelves or the aisle.	そこなら本棚も通路もふさぎません。
V11-B12-G1-011	6	0.423	The younger student could reach the book, and visitors could still move safely through the library.	年下の生徒は本を取れ、利用者も安全に図書室を歩けました。
V11-B12-G1-012	1	0.0262	The music club received three printed parts of a new practice song.	音楽部に新しい練習曲の印刷された3枚が届きました。
V11-B12-G1-012	2	0.0948	The pages had no numbers, and Ken put them in the order he found them.	ページ番号がなく、ケンは見つけた順に並べました。
V11-B12-G1-012	3	0.0923	When the group sang, the story jumped from saying goodbye to meeting for the first time.	歌ってみると、物語が別れの場面から初対面へ飛んでしまいました。
V11-B12-G1-012	4	0.2367	Aya read the first and last lines of each page.	アヤは各ページの最初と最後の行を読みました。
V11-B12-G1-012	5	1.4481	One page introduced the friends, another described their day together, and the last ended with goodbye.	1枚は友達が出会い、次の1枚は一緒に過ごす一日を描き、最後の1枚は別れで終わっていました。
V11-B12-G1-012	6	1.5171	The club changed the order and sang again.	部員は順番を直してもう一度歌いました。
V11-B12-G1-012	7	0.1734	This time the story moved naturally from meeting to spending time together and then parting.	今度は出会い、一緒に過ごし、別れるという自然な流れになりました。
V11-B12-G1-013	1	0.0262	Visitors to the school garden were supposed to follow a sign toward the flower beds.	学校の庭を訪れる人は、花壇へ向かう案内板に従うことになっていました。
V11-B12-G1-013	2	0.0113	After a windy night, the sign still stood beside the path, but its arrow pointed toward the tool shed.	風の強い夜の後、案内板は道のそばに立っていましたが、矢印は道具小屋を指していました。
V11-B12-G1-013	3	0.5599	Hana saw two visitors start that way.	ハナは二人の来訪者がそちらへ進み始めるのを見ました。
V11-B12-G1-013	4	0.034	She checked the garden map and noticed that the sign had turned around on its post.	庭の地図を確認すると、案内板が支柱の上で回ってしまったと分かりました。
V11-B12-G1-013	5	0.1333	With a teacher, she turned it back and tightened the holder.	先生と一緒に向きを戻し、留め具を締めました。
V11-B12-G1-013	6	0.0907	The next visitors followed the arrow to the flower beds.	次の来訪者は矢印に従って花壇へ行けました。
V11-B12-G1-013	7	0.2004	Hana also added a note to the garden check sheet so the sign would be checked after strong wind.	ハナは強風の後に案内板を確認するよう点検表にも書き加えました。
V11-B12-G1-014	1	0.0645	At the shoe shelves, Jun found a pair of white indoor shoes on the floor.	靴箱のところで、ジュンは床に白い上履きが一組あるのを見つけました。
V11-B12-G1-014	2	1.6422	One shoe had the name Yuta written clearly inside.	片方の内側にはユウタという名前がはっきり書かれていました。
V11-B12-G1-014	3	0.1185	The other had an old, faint name and a newer mark that looked like Yu.	もう片方には薄い古い名前と、「ユ」のように見える新しい印がありました。
V11-B12-G1-014	5	0.1577	Yuta recognized only the first shoe and said his other shoe was already in his bag.	ユウタは最初の一足だけ自分の物だと分かり、もう片方はすでにかばんにあると言いました。
V11-B12-G1-014	6	0.325	The second shoe belonged to another student whose name began with Yu.	二足目は名前が「ユ」で始まる別の生徒の物でした。
V11-B12-G1-014	7	1.5996	Asking before returning the pair prevented two different shoes from being mixed again.	返す前に確認したことで、違う上履きが再び混ざるのを防げました。
V11-B12-G1-015	1	0.0527	For an after-school activity, Miki prepared twenty snack boxes because twenty students had attended the day before.	放課後活動のため、ミキは前日に20人参加していたのでおやつ箱を20個用意しました。
V11-B12-G1-015	3	0.0054	Miki told the teacher and added one more box from the supply shelf.	ミキは先生に伝え、予備棚からもう1箱追加しました。
V11-B12-G1-015	4	0.209	She also wrote today's number on the box list.	そして箱の一覧に今日の人数を書きました。
V11-B12-G1-015	5	0.3091	Everyone received one snack.	全員が一つずつ受け取れました。
V11-B12-G1-015	6	0.1702	Using today's attendance instead of yesterday's number made the count correct.	昨日の人数ではなく今日の出席を使ったことで、正しい数を準備できました。
V11-B12-G1-016	1	0.1169	The class was comparing how two bean plants grew in different amounts of light.	クラスでは、光の量が違う場所で2本の豆がどう育つか比べていました。
V11-B12-G1-016	2	0.0182	Cup A was supposed to stay by the bright south window, and Cup B by the darker north window.	Aのカップは明るい南側の窓、Bは暗めの北側の窓に置く予定でした。
V11-B12-G1-016	3	0.0688	After cleaning time, Rina noticed Cup B beside the south window too.	掃除の後、リナはBも南側の窓にあることに気づきました。
V11-B12-G1-016	4	0.1081	She checked the labels and the class chart before moving anything.	何かを動かす前にラベルとクラスの記録表を確認しました。
V11-B12-G1-016	5	1.5459	The chart confirmed the two planned places, so she returned Cup B to the north window and told the teacher.	表で予定の場所が確認できたため、Bを北側へ戻し先生に伝えました。
V11-B12-G1-016	6	1.3623	Because the mistake was found early, the class could record the mix-up and continue the observation without assuming that Cup B had stayed by the north window all day.	早く間違いに気づいたので、その入れ替わりを記録し、Bが一日中北側の窓にあったと決めつけずに観察を続けることができました。
V11-B12-G1-017	1	0.0039	Before the school presentation, the stage plan showed four rows of five chairs.	学校発表会の前、舞台図には5脚ずつ4列の椅子が描かれていました。
V11-B12-G1-017	2	0.1772	When Daichi counted the chairs, the last row had only four.	ダイチが数えると、最後の列だけ4脚しかありませんでした。
V11-B12-G1-017	3	1.6281	He did not bring a new chair immediately because one might simply have been moved.	どこかへ移動しただけかもしれないので、すぐ新しい椅子を持ってくることはしませんでした。
V11-B12-G1-017	4	0.0998	He checked the side of the stage and found a matching chair beside the piano.	舞台脇を確認すると、ピアノのそばに同じ椅子がありました。
V11-B12-G1-017	5	0.0514	A music group had used it during morning practice.	朝の練習で音楽グループが使っていたのです。
V11-B12-G1-017	6	1.47	Daichi returned it to the open place in the final row and counted all twenty chairs again.	ダイチは空いている場所へ戻し、20脚すべてをもう一度数えました。
V11-B12-G1-017	7	0.3148	The arrangement then matched the plan without adding an unnecessary extra chair.	余分な椅子を追加せず、配置は図どおりになりました。
V11-B12-G2-001	1	0.042	One of the two water taps near the gym was closed for repair, and a long line formed during the morning break.	体育館近くにある二つの水道のうち一つが修理のため使えなくなり、午前の休み時間に長い列ができました。
V11-B12-G2-001	2	0.0938	At first, the student council planned to tell everyone to drink faster.	生徒会は最初、みんなにもっと早く水を飲むよう呼びかけようと考えました。
V11-B12-G2-001	3	0.1556	Aoi watched the line for three breaks instead.	しかしアオイは三回の休み時間に列を観察しました。
V11-B12-G2-001	4	0.0107	She found that the longest wait came in the first five minutes, when two classes arrived together.	いちばん待ち時間が長かったのは、二つのクラスが同時に来る最初の5分間だと分かりました。
V11-B12-G2-001	5	1.4428	The council asked one class to begin its break at the courtyard fountain and the other to use the gym fountain first.	そこで生徒会は、一方のクラスには中庭の水道から使い始めてもらい、もう一方には体育館の水道を先に使ってもらいました。
V11-B12-G2-001	7	1.5613	The council kept the temporary schedule until the second tap was repaired.	二つ目の水道が直るまで、この臨時の時間分けを続けました。
V11-B12-G2-002	1	0.1831	In June, Class 2-2 tried a new floor fan because the back of the room felt hot.	6月、2年2組では教室の後ろが暑かったため、新しい床置き扇風機を試しました。
V11-B12-G2-002	2	0.1016	During the first lesson, the fan cooled the students near the windows, but worksheets on three desks blew onto the floor.	最初の授業では窓側の生徒は涼しくなりましたが、三つの机のプリントが床へ飛んでしまいました。
V11-B12-G2-002	3	0.0462	Turning the fan off solved the paper problem but made the room uncomfortable again.	扇風機を止めると紙の問題は解決しましたが、また教室が暑くなりました。
V11-B12-G2-002	4	0.013	Rena suggested moving it to the back corner and pointing it slightly upward.	レナは扇風機を後ろの角へ移し、少し上向きにすることを提案しました。
V11-B12-G2-002	5	0.0198	The class tested that position during two lessons.	クラスはその位置を二回の授業で試しました。
V11-B12-G2-002	6	0.116	The air reached the center of the room, and only one loose note moved.	風は教室中央まで届き、動いたのは留めていないメモ一枚だけでした。
V11-B12-G2-002	7	0.3474	Students then used small clips for papers during fan time.	その後、扇風機を使う時間には紙を小さなクリップで留めることにしました。
V11-B12-G2-002	8	0.3437	Their final plan solved both problems better than simply choosing between a hot room and flying worksheets.	暑さか紙が飛ぶかの二択にせず、両方の問題をよりよく解決できました。
V11-B12-G2-003	1	0.1538	At the school reuse day, donated uniforms were placed on one long table.	学校のリユース会で、寄付された制服が一つの長い机に並べられていました。
V11-B12-G2-003	2	0.2109	Families had to lift many shirts and jackets before finding the right size, and the line moved slowly.	家族は合うサイズを見つけるまで多くのシャツや上着を持ち上げなければならず、列の進みも遅くなっていました。
V11-B12-G2-003	3	0.1692	Mei and Kenta first thought they needed a larger table.	メイとケンタは最初、もっと大きな机が必要だと思いました。
V11-B12-G2-003	4	0.0113	Then they watched what visitors were doing and noticed that most of the time was spent checking labels.	しかし来場者の様子を見ると、多くの時間がサイズ表示の確認に使われていると気づきました。
V11-B12-G2-003	5	0.1054	They sorted the clothes into three size groups and placed jackets behind shirts within each group.	そこで服を三つのサイズに分け、それぞれの中でシャツの後ろに上着を置きました。
V11-B12-G2-003	6	0.2631	They also made large size cards that could be read from the entrance.	入口から読める大きなサイズ表示も作りました。
V11-B12-G2-003	7	1.4308	In the next hour, families found items more quickly, and volunteers had fewer questions to answer.	次の一時間では家族が品物をより早く見つけ、ボランティアへの質問も減りました。
V11-B12-G2-003	8	0.1106	The same table worked well once the information was organized around what visitors needed to know first.	同じ机でも、来場者が最初に知りたい情報に合わせて整理すると使いやすくなりました。
V11-B12-G2-004	1	0.17	The cycling club usually left school at 5:20 for its short practice ride.	自転車部は普段、短い練習走行のため5時20分に学校を出ていました。
V11-B12-G2-004	2	1.4014	In September, that time still felt bright, so members only checked their lights once a month.	9月はその時間でもまだ明るく感じたので、ライトの確認は月に一度だけでした。
V11-B12-G2-004	3	0.2854	By late October, the return trip was much darker.	10月下旬になると、帰り道はずっと暗くなりました。
V11-B12-G2-004	4	1.5169	One evening, Sota noticed that Aya's rear light was weak before the group left.	ある夕方、出発前にソウタがアヤの後ろのライトが弱いことに気づきました。
V11-B12-G2-004	6	0.2372	The club compared sunset times for September and late October and changed its rule from that week on: lights would be checked before every evening ride, and the group would leave ten minutes earlier.	部員は9月と10月下旬の日没時刻を比べ、その週からは夕方の走行前に毎回ライトを確認し、10分早く出発することにしました。
V11-B12-G2-004	7	0.2051	The new rule was based on the season and the actual condition of the bicycles, not on the brighter rides they remembered from summer.	夏の明るい走行の記憶ではなく、季節と実際の自転車の状態に基づくルールになりました。
V11-B12-G2-005	1	0.072	The broadcasting team announced a schedule change at lunchtime, but several students in the science hallway did not hear it.	放送委員が昼休みに予定変更を知らせましたが、理科室前の廊下にいた何人かの生徒には聞こえませんでした。
V11-B12-G2-005	2	0.1089	The speakers worked, so the team first wondered whether the students had simply been talking.	スピーカー自体は動いていたため、委員は最初、生徒たちが話していただけではないかと考えました。
V11-B12-G2-005	3	0.0384	Yuna tested the message in five places while another student read the same sentence from the studio.	ユナは別の生徒に放送室から同じ文を読んでもらい、校内五か所で聞こえ方を確かめました。
V11-B12-G2-005	4	0.0016	It was clear in four places, but near the science rooms the sound mixed with a loud ventilation fan.	四か所でははっきり聞こえましたが、理科室付近では大きな換気扇の音と重なっていました。
V11-B12-G2-005	5	0.1884	The team could not move the ceiling speaker that day.	その日に天井のスピーカーを移すことはできませんでした。
V11-B12-G2-005	6	0.0648	Instead, they repeated important messages after the fan stopped and posted the same information on the hallway board.	そこで重要な放送は換気扇が止まった後にも繰り返し、同じ内容を廊下の掲示板にも出すことにしました。
V11-B12-G2-005	7	0.0504	A later test showed that students there could now get the message in two ways.	後の確認では、そこにいる生徒も二つの方法で情報を受け取れました。
V11-B12-G2-005	8	0.0291	Testing the location revealed a problem that the studio alone could not show.	放送室だけでは分からない問題が、場所を変えて試すことで見つかりました。
V11-B12-G2-006	1	0.1219	The eco club used a compost bin for vegetable scraps from cooking activities.	環境部は調理活動で出る野菜くずを堆肥箱に入れていました。
V11-B12-G2-006	2	0.1988	In early summer, many small flies appeared around it.	初夏になると、その周りに小さなハエが多く集まりました。
V11-B12-G2-006	3	0.217	Some members wanted to stop composting, but Nami suggested checking what had changed first.	堆肥作りをやめようという部員もいましたが、ナミはまず何が変わったか確かめることを提案しました。
V11-B12-G2-006	4	0.0039	The record sheet showed that the bin had recently received several bags of wet fruit waste and very little dry material.	記録を見ると、最近は水分の多い果物くずを何袋も入れた一方、乾いた材料がほとんど入っていませんでした。
V11-B12-G2-006	5	0.0099	The club mixed in dry leaves and torn paper, covered new food scraps with that mixture, and kept the lid closed.	部員は乾いた葉とちぎった紙を混ぜ、新しい生ごみの上にもその材料をかぶせ、ふたを閉めました。
V11-B12-G2-006	7	0.1456	The club kept composting but added a simple rule about balancing wet scraps with dry material.	堆肥作りは続けつつ、湿ったくずと乾いた材料のバランスを取るという簡単なルールを加えました。
V11-B12-G2-006	8	0.3802	Their decision came from the recent records rather than from assuming that compost itself was the problem.	堆肥そのものが原因だと決めつけず、最近の記録から判断しました。
V11-B12-G2-007	1	0.0035	During a riverside cleanup, volunteers used the same thin bags for leaves, plastic bottles, and metal cans.	川沿いの清掃で、ボランティアは葉、ペットボトル、金属缶に同じ薄い袋を使っていました。
V11-B12-G2-007	2	0.0594	Two bags tore when sharp can edges pressed against them.	鋭い缶の縁が当たり、二つの袋が破れました。
V11-B12-G2-007	3	1.6205	No one was hurt, but the team stopped to review the problem.	けが人はいませんでしたが、作業を止めて原因を確認しました。
V11-B12-G2-007	4	0.0972	Riku checked the unopened supplies and found that thicker bags had been prepared for heavy or sharp waste.	リクが未使用の備品を見ると、重い物や鋭い物用の厚い袋が用意されていました。
V11-B12-G2-007	5	0.0065	Their labels had been hidden under a box, so volunteers had not noticed them.	しかし表示が箱の下に隠れ、みんなが気づいていませんでした。
V11-B12-G2-007	6	0.1656	The team separated cans into the stronger bags and used the thin ones for light waste.	そこで缶は丈夫な袋へ分け、薄い袋は軽いごみに使いました。
V11-B12-G2-007	7	0.2031	They also placed a sample of each bag beside a large material sign.	さらに大きな材質表示のそばに、それぞれの袋の見本を置きました。
V11-B12-G2-007	8	0.0828	At the next cleanup, volunteers chose the correct bag without asking.	次の清掃では、質問しなくても適切な袋を選べました。
V11-B12-G2-007	9	0.0003	The problem was not solved by carrying bags more carefully; it was solved by matching the bag to the material.	袋をもっと慎重に持つだけでなく、ごみの種類に袋を合わせることで問題を解決しました。
V11-B12-G2-008	2	0.2227	After three days, most answers asked for more library seats.	三日後、回答の多くは図書室の席を増やしてほしいというものでした。
V11-B12-G2-008	3	0.0011	Kaho was ready to report that result, but she noticed that almost every response came from students who already used the library.	カホはその結果を報告しようとしましたが、ほとんどの回答者がもともと図書室を利用している生徒だと気づきました。
V11-B12-G2-008	4	0.2465	The committee printed the same question and collected answers in the cafeteria, courtyard, and club building too.	そこで委員会は同じ質問を紙にも印刷し、食堂、中庭、部活動棟でも回答を集めました。
V11-B12-G2-008	5	0.0091	The new responses showed another need: many students wanted a quiet place near the club rooms before practice.	新しい回答からは、練習前に部活動棟の近くで静かに勉強できる場所を望む生徒も多いと分かりました。
V11-B12-G2-008	6	1.4852	The committee reported both patterns and explained how the first survey had missed some students.	委員会は二つの傾向を報告し、最初の調査では一部の生徒を十分に含められなかったことも説明しました。
V11-B12-G2-008	7	0.0489	By changing where they asked the question, they learned more about the whole school instead of only one group.	質問する場所を変えたことで、一つの利用者層だけでなく学校全体についてより多く学べました。
V11-B12-G2-009	1	0.1428	The cooking club opened a small cafe at the school festival.	料理部は文化祭で小さなカフェを開きました。
V11-B12-G2-009	2	0.0496	Its menu was written neatly by hand, but visitors often stood at the front of the line for a long time before ordering.	メニューは丁寧な手書きでしたが、来場者が注文を決めるまで列の先頭で長く止まることがよくありました。
V11-B12-G2-009	3	0.0602	The club first thought there were too many choices.	部員は最初、選択肢が多すぎるのだと思いました。
V11-B12-G2-009	5	0.04	The club rewrote the menu with three clear sections, put prices on the same side, and covered sold-out items with gray cards.	そこでメニューを三つの明確な区分に分け、値段を同じ側にそろえ、売り切れ品には灰色のカードをかぶせました。
V11-B12-G2-009	6	0.0829	They kept the same number of choices.	選択肢の数は変えていません。
V11-B12-G2-009	7	1.3763	In the next hour, orders moved faster and fewer people asked about prices.	次の一時間では注文が早く進み、値段についての質問も減りました。
V11-B12-G2-009	8	0.0447	The test showed that the problem was information order, not simply menu length.	問題は単にメニューが長いことではなく、情報の並べ方だと分かりました。
V11-B12-G2-010	1	0.3029	The PE room had a high shelf for several kinds of balls.	体育倉庫には、いろいろな種類のボールを置く高い棚がありました。
V11-B12-G2-010	2	0.0496	After practice, a heavy medicine ball rolled forward when a student pulled a lighter ball from behind it.	練習後、ある生徒が後ろの軽いボールを取ろうとしたとき、重いメディシンボールが前へ転がりました。
V11-B12-G2-010	3	0.0266	The teacher caught it before it fell.	先生が落ちる前に受け止めました。
V11-B12-G2-010	4	0.0424	The class safety team examined the shelf instead of blaming the student.	安全係はその生徒を責めるのではなく、棚の使い方を調べました。
V11-B12-G2-010	5	0.0056	They found that the heaviest balls were stored above shoulder height and often had to be moved to reach lighter ones.	最も重いボールが肩より高い位置にあり、軽い物を取るためによく動かさなければならないと分かりました。
V11-B12-G2-010	6	0.0714	The team placed the heavy balls in low floor racks and kept lighter balls on the upper shelf.	そこで重いボールを床に近いラックへ置き、軽いボールを上の棚に残しました。
V11-B12-G2-010	7	0.4301	They also marked spaces so equipment would be returned to the same place.	戻す場所が同じになるよう印も付けました。
V11-B12-G2-010	8	0.1377	During the next week, students no longer needed to lift heavy balls out of the way.	翌週、生徒たちは重いボールをどけて取る必要がなくなりました。
V11-B12-G2-010	9	0.2571	Changing storage by weight and height removed the repeated risk.	重さと高さに合わせて保管方法を変えることで、繰り返す危険をなくしました。
V11-B12-G2-011	1	0.1425	Students planned a local history walk from school to an old stone bridge.	生徒たちは学校から古い石橋までの地域歴史ウォークを計画しました。
V11-B12-G2-011	2	0.008	Their printed route used the east sidewalk because it was the shortest path.	印刷した経路では、最短だったため東側の歩道を通る予定でした。
V11-B12-G2-011	3	0.1366	The day before the walk, Haruna checked the route and found that the sidewalk was closed for construction.	前日、ハルナが経路を確認すると、その歩道は工事で通行止めになっていました。
V11-B12-G2-011	4	0.1839	A sign showed a detour with several stairs, but one student in the group would be using crutches.	案内された迂回路には階段がいくつもありましたが、参加する一人は松葉づえを使う予定でした。
V11-B12-G2-011	5	0.0576	Haruna and her teacher walked another possible route through the park.	ハルナと先生は、公園を通る別の道を実際に歩いて確認しました。
V11-B12-G2-011	6	0.1448	It was six minutes longer, but it had a smooth path and safe crossings.	6分長くかかりましたが、道は平らで安全な横断場所もありました。
V11-B12-G2-011	8	0.1736	Checking the route in advance allowed them to choose a path that everyone could actually use.	事前に経路を確かめたことで、全員が実際に使える道を選べました。
V11-B12-G2-012	1	0.0407	At a festival food booth, visitors could pay with cash or prepaid tickets.	文化祭の食べ物売り場では、現金か前売り券で支払えました。
V11-B12-G2-012	2	1.5718	The team made one line for each method, expecting the two lines to move at the same speed.	担当者は二つの列が同じくらいの速さで進むと考え、支払い方法ごとに一列ずつ作りました。
V11-B12-G2-012	3	0.203	After thirty minutes, the cash line was short, but the ticket line stretched into the hallway.	30分後、現金の列は短いのに、券の列は廊下まで伸びていました。
V11-B12-G2-012	4	0.074	Mika counted orders for ten minutes and found that ticket customers were not slower; there was only one server at that table while two people worked at the cash table.	ミカが10分間注文を数えると、券を使う客の処理が遅いのではなく、券側の担当が一人だけで、現金側には二人いると分かりました。
V11-B12-G2-012	5	0.0842	The team moved one worker to the ticket side during busy periods and used one person to prepare food for both lines.	混雑時には一人を券側へ移し、もう一人が両方の列の料理準備を担当するようにしました。
V11-B12-G2-012	6	0.2292	The next count showed similar waiting times.	次の計測では待ち時間がほぼ同じになりました。
V11-B12-G2-012	7	0.0689	Looking at the work behind each line helped the team fix the real cause instead of changing the payment system.	支払い方法を変えるのではなく、各列の裏で行われている作業を見ることで本当の原因を直せました。
V11-B12-G2-013	1	0.0744	The science club wanted to compare birds visiting two feeders.	科学部は二つの餌台を訪れる鳥を比べようとしました。
V11-B12-G2-013	2	1.3835	For one week, members counted birds from 7:30 to 8:00 each morning.	一週間、毎朝7時30分から8時まで鳥の数を数えました。
V11-B12-G2-013	3	0.1552	Feeder A had many visits, while Feeder B had almost none, so they nearly concluded that birds disliked B's location.	Aには多くの鳥が来ましたが、Bにはほとんど来なかったため、部員は鳥がBの場所を好まないと結論づけそうになりました。
V11-B12-G2-013	4	0.0981	Then Ken noticed that afternoon club members often saw birds near Feeder B.	しかしケンは、午後の部員がBの近くで鳥をよく見ていることに気づきました。
V11-B12-G2-013	5	1.5114	In the second week, the team added observations at 12:30 and 4:00 while keeping the morning count.	次の週は朝の観察を続けながら、12時30分と4時にも観察を加えました。
V11-B12-G2-013	6	1.4347	Feeder B received most of its visits later in the day because the nearby playground was quiet then.	Bの近くの運動場が静かになるため、Bへの訪問は一日の後半に多いと分かりました。
V11-B12-G2-013	7	1.3934	The club's first schedule had shown only one part of the pattern.	最初の観察時間では、全体の一部分しか見えていませんでした。
V11-B12-G2-013	8	0.0114	Using several times gave them a fairer comparison of the two locations.	複数の時刻を使うことで、二つの場所をより公平に比べられました。
V11-B12-G2-014	1	0.5542	Three classes shared a cart of twenty tablets.	三つのクラスで20台のタブレットが入ったカートを共有していました。
V11-B12-G2-014	2	1.6246	One morning, Class 2-1 opened it and found six devices below twenty percent battery.	ある朝、2年1組が開けると、6台の充電が20％未満でした。
V11-B12-G2-014	3	1.3683	The previous class had returned all twenty, so at first no one knew what had happened.	前のクラスは20台すべて返していたため、最初は原因が分かりませんでした。
V11-B12-G2-014	4	0.0492	Akira checked the charging screen and saw that several cables were loose.	アキラが充電画面を確認すると、いくつかのケーブルが緩んでいました。
V11-B12-G2-014	5	0.112	He also found that students were only asked to return tablets, not to confirm that charging had started.	また、生徒は端末を返すよう言われているだけで、充電が始まったことの確認は求められていませんでした。
V11-B12-G2-014	6	1.3618	The classes created a two-step routine: connect each cable and check for the charging symbol before closing the cart.	そこで各クラスは、ケーブルをつなぎ、カートを閉める前に充電マークを確かめる二段階の手順を作りました。
V11-B12-G2-014	7	1.489	A student then recorded the lowest battery level at the end of the day.	さらに一日の終わりに最も低い充電率を記録しました。
V11-B12-G2-014	8	0.1383	After a week, every tablet began the morning above eighty percent.	一週間後、すべての端末が朝80％以上で始められるようになりました。
V11-B12-G2-014	9	0.3726	The new routine made responsibility visible instead of assuming that returning a device meant it was ready.	返却したから準備完了と考えず、責任を確認できる手順に変えました。
V11-B12-G2-015	1	0.0588	The gardening club sold small plants in the hallway.	園芸部は廊下で小さな植物を販売しました。
V11-B12-G2-015	2	0.131	Each pot had a neat label with its name, price, and care instructions, but the print was tiny.	各鉢には名前、値段、育て方がきれいに書かれていましたが、文字がとても小さかったのです。
V11-B12-G2-015	4	0.0938	Yui watched buyers and noticed that many bent down close to the pots before asking.	ユイが購入者を見ていると、多くの人が質問する前に鉢へ顔を近づけていました。
V11-B12-G2-015	5	0.0186	The club made large cards for each plant type and put price, light, and watering information in the same order on every card.	そこで植物の種類ごとに大きなカードを作り、値段、光、水やりの情報をどのカードでも同じ順に並べました。
V11-B12-G2-015	6	0.053	Small individual labels stayed on the pots.	鉢の小さな個別ラベルは残しました。
V11-B12-G2-015	7	0.1129	During the next break, buyers could compare plants while standing, and repeated questions fell sharply.	次の休み時間には、立ったまま植物を比べられ、繰り返しの質問が大きく減りました。
V11-B12-G2-015	8	0.053	The club did not remove information; it changed the size and place so people could use it.	情報を減らすのではなく、大きさと置く場所を変えて使いやすくしました。
V11-B12-G2-016	1	1.7251	After basketball practice, a player needed tape, but the first-aid box had none.	バスケットボールの練習後、選手がテープを必要としましたが、救急箱には一本も残っていませんでした。
V11-B12-G2-016	2	0.0135	The coach remembered buying several rolls the week before.	コーチは前の週に何本か買ったことを覚えていました。
V11-B12-G2-016	3	0.0792	Rather than simply buying more, Haruto checked the inventory sheet.	ハルトはただ買い足すのではなく、在庫表を確認しました。
V11-B12-G2-016	4	1.3841	It showed that tape had been used three times, but no one had written how much remained.	テープを三回使った記録はありましたが、残りの数を書いた人はいませんでした。
V11-B12-G2-016	5	0.206	Other small items had the same problem.	他の小さな用品にも同じ問題がありました。
V11-B12-G2-016	6	0.0978	The club added a minimum number beside each item and asked the student who opened the last package to mark it.	そこで各用品に最低必要数を書き、最後の包装を開けた生徒が印を付けることにしました。
V11-B12-G2-016	7	0.1947	Every Friday, one manager compared the marks with the actual box and restocked anything below the minimum.	毎週金曜日、一人の担当が印と実際の箱を比べ、最低数を下回った物を補充します。
V11-B12-G2-016	8	1.4228	Two weeks later, the Friday check caught a low supply of bandages before they ran out.	二週間後、金曜の確認で包帯が少ないことを、なくなる前に見つけました。
V11-B12-G2-016	9	0.0868	The new system used both records and a physical check instead of waiting for the next emergency.	次の緊急時まで待つのではなく、記録と実物確認の両方を使う仕組みにしました。
V11-B12-G2-017	1	0.0222	The neighborhood notice board was meant for many local groups, but large event posters sometimes stayed for weeks after events ended.	地域の掲示板は多くの団体が使うためのものでしたが、大きなイベントポスターが行事終了後も何週間も残ることがありました。
V11-B12-G2-017	2	0.0052	Small notices were pushed into corners where few people saw them.	小さな案内は隅へ追いやられ、ほとんど見てもらえませんでした。
V11-B12-G2-017	3	1.4065	Students helping the community center measured the board and listed every poster for two weeks.	公民館を手伝う生徒たちは掲示板の大きさを測り、二週間すべての掲示物を記録しました。
V11-B12-G2-017	4	1.5701	They found that old event posters used almost one third of the space.	すると、終了した行事のポスターが約3分の1の場所を使っていると分かりました。
V11-B12-G2-017	6	1.4011	Volunteers checked the dates twice a week.	ボランティアが週二回日付を確認しました。
V11-B12-G2-017	7	0.0006	A month later, different groups were using the board, and expired posters no longer covered current information.	一か月後にはさまざまな団体が掲示板を使い、期限切れのポスターが新しい情報を覆うこともなくなりました。
V11-B12-G2-017	8	0.0689	The rotation rule protected access without excluding any group.	どの団体も排除せず、交代のルールで利用機会を守りました。
V11-B12-G3-001	1	0.0333	The environment committee wanted to recommend cooler places for students to rest in summer.	環境委員会は、夏に生徒が休むためのより涼しい場所を勧めようと考えました。
V11-B12-G3-001	2	0.1603	They measured the temperature under six trees at noon and found that the space beside the gym was the coolest.	六本の木の下で正午に気温を測ると、体育館のそばが最も涼しいと分かりました。
V11-B12-G3-001	3	0.025	Their first idea was to make that place the main rest area.	最初はそこを主な休憩場所にしようと考えました。
V11-B12-G3-001	4	0.0109	Mika, however, noticed that some students used the courtyard before classes and others stayed outside after club activities.	しかしミカは、登校後の朝に中庭を使う生徒もいれば、部活動の後に外で過ごす生徒もいることに気づきました。
V11-B12-G3-001	5	1.4861	The committee repeated the survey at 8:00 a.m., noon, and 4:00 p.m. for three sunny days.	そこで委員会は晴れた三日間、午前8時、正午、午後4時にもう一度調査しました。
V11-B12-G3-001	6	0.0264	The gym trees still gave good shade at noon, but the east courtyard was cooler in the morning and the library side stayed comfortable later in the afternoon.	体育館の木陰は正午にはやはり涼しかったものの、朝は東側の中庭の方が涼しく、午後遅くは図書館側が過ごしやすいことが分かりました。
V11-B12-G3-001	8	1.3743	The second survey did not make the first measurements wrong; it showed that the first question had been too narrow for the decision they wanted to make.	二回目の調査は最初の測定が間違いだったことを示したのではなく、判断したいことに対して最初の問いが狭すぎたと示したのです。
V11-B12-G3-002	1	1.5468	An empty shop near the station had been unused for almost a year.	駅の近くに、ほぼ一年間使われていない空き店舗がありました。
V11-B12-G3-002	2	0.0049	A group of high school and university students proposed turning it into a shared study space.	高校生と大学生のグループは、そこを共同の自習場所にする案を出しました。
V11-B12-G3-002	3	1.522	The owner offered a low three-month rent because he wanted to know whether the idea could work.	店主は、その案がうまくいくか確かめたいと考え、三か月間は安い家賃でよいと言いました。
V11-B12-G3-002	4	1.4205	At first, the students were excited by the location and planned to open every evening until 9:00.	学生たちは場所の便利さに喜び、最初は毎晩9時まで開ける計画でした。
V11-B12-G3-002	5	0.3022	Then they interviewed nearby residents, parents, and students.	しかし近隣住民、保護者、生徒に話を聞くと、別の問題が見えてきました。
V11-B12-G3-002	6	1.6426	Residents were not against the project, but several worried about voices and bicycle noise after 8:00.	住民は計画そのものに反対ではありませんでしたが、8時以降の話し声や自転車の音を心配する人がいました。
V11-B12-G3-002	7	1.4533	Parents asked who would be responsible if younger students stayed late, and one wheelchair user pointed out that the front step made the entrance difficult.	保護者は年下の生徒が遅くまで残る場合の責任者を尋ね、車いす利用者は入口の段差が入りにくいと指摘しました。
V11-B12-G3-002	8	0.0535	The group revised its plan before signing any agreement.	そこで契約を結ぶ前に計画を修正しました。
V11-B12-G3-002	9	1.5399	They proposed a six-week trial, ending at 8:00, with one adult volunteer present.	6週間の試行にし、終了は8時、成人ボランティアを一人置くことにしました。
V11-B12-G3-002	10	0.1999	The owner agreed to place a temporary ramp at the entrance.	店主は入口に仮設スロープを置くことにも同意しました。
V11-B12-G3-002	12	0.3323	After six weeks, the group would decide whether the space should continue and what would need to change.	6週間後に継続するか、何を変える必要があるかを決めます。
V11-B12-G3-002	13	0.1178	The proposal became less ambitious, but it also became more realistic because it included the people who would be affected by the project rather than only the people who wanted to use it.	計画は当初より控えめになりましたが、使いたい人だけでなく影響を受ける人も含めて考えたことで、より現実的なものになりました。
V11-B12-G3-003	1	0.0506	For a local history project, Haru interviewed an eighty-two-year-old resident about a flood that changed the old shopping street.	地域史の調査で、ハルは古い商店街を大きく変えた洪水について82歳の住民にインタビューしました。
V11-B12-G3-003	2	0.0656	During the interview, the resident said the flood happened in 1964.	その住民は洪水が1964年に起きたと話しました。
V11-B12-G3-003	3	0.1101	Later, Haru listened to a second recording made by the resident's younger brother, who clearly said 1965.	後で、その人の弟の録音を聞くと、弟ははっきり1965年だと言っていました。
V11-B12-G3-003	4	0.185	Haru did not want to choose the date that appeared in the first interview simply because it had been recorded earlier.	ハルは、先に録音したからという理由だけで最初の年を選びたくありませんでした。
V11-B12-G3-003	5	0.0773	She checked a town newspaper index, a shop owner's diary, and a photograph kept at the library.	そこで町の新聞索引、店主の日記、図書館に保存された写真を調べました。
V11-B12-G3-003	6	0.113	The newspaper listed a major flood in September 1965, and the diary described water entering the same row of shops that week.	新聞には1965年9月の大洪水が記録され、日記にも同じ週に同じ並びの店へ水が入ったことが書かれていました。
V11-B12-G3-003	7	0.0996	The photograph was marked only 'after the big flood,' so it could not decide the date by itself.	写真には『大洪水の後』としか書かれておらず、それだけでは年を決められませんでした。
V11-B12-G3-003	8	0.2633	Haru wrote that the family's memory differed, but the surviving documents supported 1965.	ハルは、家族の記憶には違いがあるものの、残っている資料は1965年を支持すると報告しました。
V11-B12-G3-003	9	1.6678	She also kept both interviews in the project archive.	そして二つのインタビューの両方を資料として保存しました。
V11-B12-G3-003	10	0.1618	Her final report respected the speakers' memories while making a clear distinction between remembered dates and dates supported by independent records.	最終報告では話し手の記憶を尊重しながら、記憶された年代と独立した記録で確かめられる年代を区別しました。
V11-B12-G3-004	1	0.0059	The health club at Midori High School planned a visit to a small island clinic.	緑高校の保健部は、小さな島の診療所を訪問する計画を立てました。
V11-B12-G3-004	2	0.014	The students wanted to interview a nurse about emergency care in places with few medical workers.	医療従事者の少ない地域での救急対応について看護師へインタビューするためです。
V11-B12-G3-004	3	0.0472	Four students and their teacher would travel from the city station, use the ferry, spend about ninety minutes at the clinic, and return to school the same day.	生徒4人と先生は市内の駅から出発し、フェリーで島へ渡り、診療所で約90分過ごして、その日のうちに学校へ戻る予定でした。
V11-B12-G3-004	4	0.0416	At first, they chose the 10:20 ferry because it allowed everyone to meet after the morning homeroom.	最初は朝のホームルーム後に集合できる10時20分のフェリーを選びました。
V11-B12-G3-004	5	0.0068	When Aya checked the clinic information, however, she noticed that reception ended at noon and new patients were accepted only until 11:30.	しかしアヤが診療所の情報を確認すると、受付は正午までで、新しい患者の受付は11時30分までだと分かりました。
V11-B12-G3-004	6	0.0716	Their interview was not a medical appointment, but the clinic had asked visitors to arrive before the busy final hour so staff could guide them safely.	インタビューは診察ではありませんが、診療所からは安全に案内できるよう忙しい最後の時間帯より前に来てほしいと言われていました。
V11-B12-G3-004	7	0.4243	The 10:20 ferry reached the island at 10:55, leaving little time before 11:30.	10時20分の便は10時55分に島へ着くため、11時30分までほとんど余裕がありません。
V11-B12-G3-004	8	0.1675	Aya then compared the earlier ferry, the weather notice, and the return buses.	そこでアヤは早い便、天気予報、帰りのバスを比べました。
V11-B12-G3-004	9	0.2867	The 8:10 ferry arrived at 8:45, so the group could walk to the clinic and begin around 9:15.	8時10分の便なら8時45分に到着し、歩いて診療所へ行けば9時15分ごろに始められます。
V11-B12-G3-004	10	0.1044	After about ninety minutes, they could finish around 10:45, eat lunch near the port, and take the 13:40 ferry back.	約90分のインタビューを10時45分ごろに終え、港近くで昼食を取り、13時40分の便で戻れます。
V11-B12-G3-004	11	0.0902	That ferry reached the city harbor at 14:15, leaving twenty minutes before the 14:35 bus.	その便は14時15分に市の港へ着き、14時35分のバスまで20分あります。
V11-B12-G3-004	12	1.5449	The later 15:30 ferry seemed convenient too, but the weather notice warned of strong winds after 14:00 and said that sailing might be canceled.	15時30分の便も便利に見えましたが、14時以降は強風が予想され、欠航の可能性がありました。
V11-B12-G3-004	13	1.3591	The group did not want a plan that depended on the most uncertain ferry of the day.	一日の中で最も不確かな便に頼る計画にはしたくありませんでした。
V11-B12-G3-004	14	0.0748	They therefore asked the school for permission to leave before regular homeroom and chose the 8:10 ferry and the 13:40 return.	そこで学校に通常のホームルーム前に出発する許可を求め、8時10分の往路と13時40分の復路を選びました。
V11-B12-G3-004	15	0.28	Their final plan was less convenient in the morning, but it respected clinic operations and reduced weather risk.	朝は不便になりましたが、診療所の運営を尊重し、天候リスクも減らせます。
V11-B12-G3-004	16	0.1705	The students also wrote a backup rule: if the morning ferry was canceled, they would postpone the visit rather than arrive late and pressure the clinic staff.	さらに、朝の便が欠航した場合は遅れて診療所へ行くのではなく訪問を延期するという予備ルールも決めました。
V11-B12-G3-004	17	0.0556	The timetable did not provide one answer by itself.	一つの時刻表だけでは答えは出ませんでした。
V11-B12-G3-004	18	0.1136	A workable choice appeared only after they connected travel time, clinic conditions, weather risk, and the return bus.	移動時間、診療所の条件、天候、帰りのバスを結びつけて初めて実行可能な計画になりました。
V11-B12-G3-005	1	1.3565	The science club made a poster comparing electricity use in three school rooms.	科学部は校内三部屋の電気使用量を比べるポスターを作りました。
V11-B12-G3-005	2	1.4116	The music room used more electricity in one week than either of the two classrooms, so the first draft called it the least efficient room.	一週間では音楽室が二つの教室より多く電気を使っていたため、最初の案では音楽室を最も効率の悪い部屋としました。
V11-B12-G3-005	3	0.3895	Ken noticed that the rooms were not used in the same way.	しかしケンは、部屋の使われ方が同じではないことに気づきました。
V11-B12-G3-005	4	0.0261	The music room was larger, had two air conditioners, and was used for evening practice three days that week.	音楽室は広く、エアコンが二台あり、その週は三日間夕方の練習にも使われていました。
V11-B12-G3-005	5	0.4495	He asked the group to compare electricity use with hours of use and the number of people present.	そこで使用時間と利用人数も合わせて比べました。
V11-B12-G3-005	8	0.0293	They still reported the weekly totals, but they no longer treated room size and use time as unimportant details.	週ごとの合計値はそのまま載せましたが、部屋の大きさや使用時間を無視しませんでした。
V11-B12-G3-005	9	0.0592	The revised poster taught students how a number can be correct while the conclusion based on it is still too simple.	数値そのものは正しくても、そこから出す結論が単純すぎることがあると示すポスターになりました。
V11-B12-G3-006	1	0.0491	A community center started a Saturday kitchen where teenagers and older residents cooked inexpensive lunches together.	地域センターは土曜日に、中高生と高齢者が一緒に安い昼食を作る共同キッチンを始めました。
V11-B12-G3-006	2	1.4651	The first two weeks were popular, but one family stopped attending after discovering that a soup contained sesame.	最初の二週間は人気でしたが、ある家族がスープにごまが入っていると分かってから参加をやめました。
V11-B12-G3-006	3	1.5463	No one had become ill because the family asked before eating, yet the incident showed that the kitchen's information system was weak.	その家族は食べる前に確認したため体調を崩した人はいませんでしたが、キッチンの情報の出し方に弱点があると分かりました。
V11-B12-G3-006	4	0.2062	Ingredients were written on a small sheet near the cooking table, and some labels used only Japanese even when visiting students from abroad joined the event.	材料は調理台近くの小さな紙に書かれ、一部の表示は海外から来た生徒が参加しても日本語だけでした。
V11-B12-G3-006	5	0.0886	The organizers considered ending the trial, but participants argued that the problem could be corrected.	運営側は試行をやめることも考えましたが、参加者は改善できると考えました。
V11-B12-G3-006	6	0.0605	They created a new rule: every dish would have an ingredient card before serving, eight common allergens would be marked with simple symbols, and one volunteer would check the cards against the recipe.	そこで、提供前にすべての料理へ材料カードを付け、代表的な八つのアレルゲンを簡単な記号で示し、一人のボランティアがレシピとカードを照合するルールを作りました。
V11-B12-G3-006	7	0.1777	They also prepared short English labels for basic ingredients and asked participants to tell the staff about allergies when registering.	基本的な材料には短い英語表示も用意し、登録時にアレルギーを伝えてもらうことにしました。
V11-B12-G3-006	8	0.0253	During the next four Saturdays, the kitchen served the same number of people without another information complaint.	その後四回の土曜日では、同じ人数に食事を提供しながら情報に関する苦情はありませんでした。
V11-B12-G3-006	9	0.2223	The organizers did not claim that symbols could remove every risk.	ただし記号だけですべての危険がなくなるとは考えませんでした。
V11-B12-G3-006	10	1.374	They kept a separate preparation area for one severe allergy and told volunteers not to promise that every dish was safe for everyone.	重いアレルギー一件には別の調理場所を設け、誰にでも安全だと約束しないようボランティアにも伝えました。
V11-B12-G3-006	11	1.4685	At the end of the trial, the center decided to continue the kitchen for three more months.	試行終了時、センターはさらに三か月続けることを決めました。
V11-B12-G3-006	12	0.0211	The decision was based not only on attendance but also on whether the revised procedure made responsibilities and limits clearer.	その判断は参加人数だけでなく、改善された手順によって責任と限界が明確になったかも見て行われました。
V11-B12-G3-006	13	0.0275	The event became safer because the group treated communication as part of food safety rather than as an extra sign added after cooking.	情報伝達を調理後の付け足しではなく食品安全の一部として扱ったことで、活動はより安全になりました。
V11-B12-G3-007	1	0.0891	The media club prepared a post about a student protest against the removal of bicycle parking.	メディア部は、自転車置き場の撤去に反対する生徒の活動について投稿を作りました。
V11-B12-G3-007	2	1.5913	One member chose a dramatic photograph showing a student holding a sign directly in front of a school gate.	ある部員は、校門の前で生徒が看板を持つ印象的な写真を選びました。
V11-B12-G3-007	3	0.215	When the photo was cropped for social media, the image no longer showed the temporary construction fence beside the gate.	SNS用に写真を切り取ると、校門横の仮設工事フェンスが写らなくなりました。
V11-B12-G3-007	4	0.1066	Some readers then assumed that the student was blocking the entrance.	そのため一部の読者は、生徒が入口をふさいでいると思いました。
V11-B12-G3-007	6	0.0464	The club replaced the cropped image with a wider version and added a caption explaining the construction.	部員はより広い範囲を写した写真へ替え、工事について説明するキャプションを加えました。
V11-B12-G3-007	7	0.076	They also created a rule that photos used as evidence should be checked in their original frame before editing.	また、証拠として使う写真は編集前の全体画像を確認するというルールを作りました。
V11-B12-G3-007	8	0.4719	The problem was not that cropping was always dishonest.	問題は写真を切り取ること自体が常に不正だということではありません。
V11-B12-G3-007	9	0.039	Cropping became misleading when it removed information needed to understand what was happening.	状況を理解するために必要な情報まで消したときに、切り取りが誤解を生んだのです。
V11-B12-G3-007	10	0.0814	The revised post received fewer angry comments and led to a more useful discussion about bicycle access during construction.	修正版には怒ったコメントが減り、工事中の自転車利用についてより有益な議論が生まれました。
V11-B12-G3-008	1	0.3826	Ryo's family wanted to attend the city library's learning day.	リョウの家族は市立図書館の学習イベントへ行こうとしていました。
V11-B12-G3-008	2	1.4238	Ryo was thirteen, his sister Hana was eight, and their mother hoped to choose activities that both children could enjoy without leaving Hana alone.	リョウは13歳、妹のハナは8歳で、母親はハナを一人にせず二人が楽しめる活動を選びたいと考えました。
V11-B12-G3-008	3	1.5454	The event guide listed a robot workshop on the third floor from 10:00 to 11:20 for ages ten to fifteen, a picture-book lab on the second floor from 11:00 to 11:45 for ages six to ten, and a family science show in the first-floor hall from 13:00 to 13:50 for all ages.	案内には、10時から11時20分まで3階で行う10〜15歳向けロボット教室、11時から11時45分まで2階で行う6〜10歳向け絵本ラボ、13時から13時50分まで1階ホールで行う全年齢向け家族科学ショーがありました。
V11-B12-G3-008	5	0.3491	Then she noticed an elevator maintenance notice: the elevator would be closed from 9:30 until 12:30.	しかし母親は、9時30分から12時30分までエレベーター点検で使えないという知らせに気づきました。
V11-B12-G3-008	6	0.0125	Stairs would remain open, but Hana could not safely use the stairs because of a leg condition and needed the elevator for floor changes.	階段は使えますが、ハナは脚の状態のため階段を安全に使えず、階を移動するにはエレベーターが必要です。
V11-B12-G3-008	7	0.1526	The family considered three possibilities.	家族は三つの案を考えました。
V11-B12-G3-008	8	1.5292	First, they could arrive early and take the elevator to the third floor before 9:30, but Hana would still need to move between floors later, and the picture-book lab did not begin until 11:00.	9時30分前に着いてエレベーターで3階へ上がる案では、その後ハナが階を移動できず、絵本ラボの開始も11時です。
V11-B12-G3-008	9	1.3744	Second, they considered attending only the picture-book lab, but it ended before the elevator reopened, so Hana could not reach the second floor safely.	絵本ラボだけに参加する案も考えましたが、ラボはエレベーターの再開前に終わるため、ハナは安全に2階へ行けません。
V11-B12-G3-008	11	0.0312	Ryo was disappointed at first because he liked robots.	リョウはロボット教室に行けず残念でした。
V11-B12-G3-008	12	0.0915	His mother suggested that they ask whether the robot workshop would be offered again on another day.	母親は、ロボット教室が別の日にも行われるか尋ねようと提案しました。
V11-B12-G3-008	13	0.0014	The library replied that the same workshop was planned for the next month.	図書館から、翌月にも同じ教室があると返事がありました。
V11-B12-G3-008	14	0.2742	The family therefore chose the science show for learning day and saved the robot workshop for the later date.	そこで今回は科学ショーを選び、ロボット教室は翌月にしました。
V11-B12-G3-008	15	0.4157	Their decision came from connecting time, age, floor location, and access information rather than simply choosing the most interesting activities on the event list.	この判断は、活動の面白さだけでなく、時間、年齢、階、移動条件を結びつけて行われました。
V11-B12-G3-009	1	0.0212	A class surveyed litter on a beach to decide what kind of waste-reduction campaign the town needed.	あるクラスは、町にどんなごみ削減活動が必要か考えるため海岸のごみを調査しました。
V11-B12-G3-009	2	0.1227	They counted far more plastic cups and food containers than fishing equipment, so the first report blamed everyday visitors.	プラスチックカップや食品容器が漁業用品よりずっと多かったため、最初の報告では日常の来訪者が主な原因だとしました。
V11-B12-G3-009	3	1.5438	Yui checked the survey date and noticed that it had been conducted on the morning after a three-day holiday with a large beach festival.	しかしユイは調査日を確認し、大きな海辺の祭りを含む三連休の翌朝だったことに気づきました。
V11-B12-G3-009	4	0.1746	The class had no data from ordinary weekdays or from winter, when fewer tourists came.	普通の平日や観光客の少ない冬のデータはありませんでした。
V11-B12-G3-009	5	1.5274	They returned twice in the next month and separated items by type and location.	そこで翌月に二回調査し、ごみを種類と場所で分けました。
V11-B12-G3-009	6	0.0643	The later counts were much lower, and some fishing rope appeared near the working harbor but not near the swimming area.	その後の数はずっと少なく、漁港近くでは漁網の一部が見つかりましたが、遊泳区域では見つかりませんでした。
V11-B12-G3-009	7	0.0849	The class rewrote its conclusion.	クラスは結論を書き直しました。
V11-B12-G3-009	8	0.1903	The first survey accurately described the beach after a busy holiday, but it could not describe all seasons or all users.	最初の調査は忙しい休日後の海岸の状態を正しく表していましたが、すべての季節や利用者を表すものではありませんでした。
V11-B12-G3-009	9	0.029	Their campaign finally had two parts: more food-waste bins near festival areas and a separate collection point for damaged fishing material near the harbor.	最終的な活動は、祭り区域近くの食品ごみ箱を増やすことと、港近くに壊れた漁業用品の回収場所を置くことの二本立てになりました。
V11-B12-G3-010	1	0.076	A student translation team prepared English notices for families attending an international day at school.	生徒の翻訳チームは、学校の国際交流日に来る家族向けの英語案内を作っていました。
V11-B12-G3-010	2	1.4339	One Japanese notice said that visitors should leave outdoor shoes at the entrance and take indoor slippers 'from the side.'	日本語の案内には、外靴を入口に置き、『横から』上履きを取るよう書かれていました。
V11-B12-G3-010	3	0.1837	The first English draft read, 'Please take slippers from the side.'	最初の英訳は『横からスリッパを取ってください』でした。
V11-B12-G3-010	4	0.4471	Three exchange students understood the words but asked, 'Which side?'	交換留学生三人は単語は理解できましたが、『どちらの横ですか』と尋ねました。
V11-B12-G3-010	6	0.0907	The Japanese notice made sense to regular students because everyone already knew the entrance layout, but the English version had to work for people without that background knowledge.	日本語案内は校内の配置を知っている普段の生徒には通じますが、英語版はその知識のない人にも分かる必要があります。
V11-B12-G3-010	7	0.0467	The team changed the sentence to, 'Please leave your outdoor shoes here and take visitor slippers from the shelf beside the reception desk.'	そこで『外靴をここに置き、受付机の横の棚から来客用スリッパを取ってください』と直しました。
V11-B12-G3-010	9	0.0442	The team also added a rule to its translation process: when a direction depends on local knowledge, translators must check the real location and name the object or place directly.	チームはさらに、場所の指示が校内知識に頼る場合は実際の場所を確認し、物や場所を直接示すというルールを加えました。
V11-B12-G3-010	10	0.0827	They avoided adding unnecessary explanations, because a long notice would be difficult to read in a crowded entrance.	一方、混雑した入口で長文は読みにくいため、不要な説明は増やしませんでした。
V11-B12-G3-010	12	0.0089	The final notice was slightly longer than the original, but it required less guessing from visitors.	最終案内は少し長くなりましたが、来訪者が推測する必要は減りました。
V11-B12-G3-011	1	0.2072	A local museum found a cake recipe in a notebook from the 1950s.	地域博物館は1950年代のノートからケーキのレシピを見つけました。
V11-B12-G3-011	2	0.1545	Some ingredients were written in grams, but milk was listed as 'one cup' without explaining the cup size.	材料の一部はグラムで書かれていましたが、牛乳は『1カップ』とだけあり、カップの大きさは書かれていませんでした。
V11-B12-G3-011	3	0.0607	A volunteer converted every amount using a modern 200-milliliter cup and baked a test cake.	ボランティアが現代の200ミリリットルのカップとして換算して試作しました。
V11-B12-G3-011	4	0.2397	It was much softer than the photograph in the notebook suggested.	そのケーキは、ノートの写真から想像されるものよりかなり柔らかくなりました。
V11-B12-G3-011	5	0.0199	Saki checked other pages and found that the writer sometimes used an older measuring cup kept in the same household.	サキがほかのページを調べると、書き手が同じ家にあった古い計量カップを使うことがあったと分かりました。
V11-B12-G3-011	6	0.0297	A family photograph showed a metal cup that held about 180 milliliters.	家族写真には約180ミリリットル入る金属カップも写っていました。
V11-B12-G3-011	7	0.0342	The museum could not prove that this cup was used for the cake recipe, so Saki did not rewrite the historical record as a certain fact.	ただし、そのカップがこのケーキに使われたとは証明できなかったため、サキは歴史記録を確定事項のように書き換えませんでした。
V11-B12-G3-011	8	1.5158	Instead, the exhibit displayed both possible amounts and explained why the difference mattered.	代わりに展示では二つの可能な分量を示し、その違いがなぜ重要か説明しました。
V11-B12-G3-011	9	1.3619	The museum baked two small test cakes and let visitors compare the results.	博物館は二種類の小さな試作ケーキを焼き、来館者に比べてもらいました。
V11-B12-G3-011	10	0.2469	The project showed that conversion is not only a calculation problem; first, researchers must know what the original unit meant in its historical setting.	この調査は、換算が計算だけの問題ではなく、まず元の単位が当時どんな意味だったかを知る必要があると示しました。
V11-B12-G3-012	1	0.4986	A city volunteer center needed student helpers for a weekend donation event.	市のボランティアセンターは週末の寄付イベントに生徒の手伝いを必要としていました。
V11-B12-G3-012	2	1.395	The morning shift ran from 9:00 to noon and the afternoon shift from 13:00 to 16:00.	午前は9時から12時、午後は13時から16時です。
V11-B12-G3-012	3	0.1923	Volunteers had to arrive fifteen minutes before a shift, and anyone working both shifts had to take a forty-five-minute meal break.	ボランティアは開始15分前に到着しなければならず、両方の時間帯で働く人は45分の昼食休憩が必要です。
V11-B12-G3-012	4	1.832	The center also used two preparation rooms: East held eight people and West held five.	準備室は東が8人、西が5人までです。
V11-B12-G3-012	5	0.1761	Ten volunteers were needed in the morning and eleven in the afternoon.	必要人数は午前10人、午後11人でした。
V11-B12-G3-012	6	0.252	Yuta's school planned to send six students by train.	ユウタの学校は電車で6人を送る予定でした。
V11-B12-G3-012	8	0.0843	At first, the teacher suggested putting all six students on the morning list because the event needed ten people then.	先生は最初、午前に10人必要だから6人全員を午前に入れようとしました。
V11-B12-G3-012	9	1.6053	Yuta checked the arrival rule and pointed out that the second group would miss the required 8:45 arrival time.	しかしユウタは到着ルールを確認し、後半3人は必要な8時45分に間に合わないと指摘しました。
V11-B12-G3-012	10	0.0985	They could not simply join late and still be counted as scheduled morning volunteers.	遅れて来ても予定された午前担当として数えることはできません。
V11-B12-G3-012	12	0.7361	Yuta proposed a split plan.	そこでユウタは分ける案を出しました。
V11-B12-G3-012	14	0.1253	The three students on Train B would join the afternoon only.	B電車の3人は午後だけ参加します。
V11-B12-G3-012	15	0.2513	This created three student volunteers in the morning and five in the afternoon.	これで生徒は午前3人、午後5人となります。
V11-B12-G3-012	16	0.0582	The center already had seven adult volunteers in the morning and six in the afternoon, so the totals became ten in the morning and eleven in the afternoon.	センターにはもともと午前7人、午後6人の大人がいるため、合計は午前10人、午後11人になります。
V11-B12-G3-012	17	0.3487	During the short preparation periods, the coordinator could place no more than eight people in East and five in West, so the two rooms together could safely hold all thirteen people if needed.	準備時には東8人、西5人までなので、二室を使えば必要な場合も13人を安全に収容できます。
V11-B12-G3-012	19	0.0887	The center accepted the plan because every assigned worker could follow the same rules rather than receiving a special exception for arriving late.	センターは、遅刻者だけを特別扱いせず全員が同じルールを守れるため、この案を受け入れました。
V11-B12-G3-013	1	0.1289	The biology club compared insect life in two school ponds.	生物部は校内二つの池の昆虫を比べました。
V11-B12-G3-013	2	0.0376	In the first pond, they sampled only beside tall reeds because the bank was easy to reach there.	最初の池では岸に近づきやすかったため、背の高いアシのそばだけで採集しました。
V11-B12-G3-013	3	1.6734	They found many water insects and reported that the pond had greater insect diversity than the second pond.	多くの水生昆虫が見つかり、二つ目の池より多様だと報告しました。
V11-B12-G3-013	4	1.4684	A teacher asked whether both ponds had been sampled in the same kinds of places.	先生は、二つの池で同じ種類の場所を調べたのか尋ねました。
V11-B12-G3-013	5	1.3556	The second pond had been checked beside open water, low grass, and fallen branches.	二つ目の池では開けた水面、低い草、落ちた枝の近くを調べていました。
V11-B12-G3-013	6	0.2317	The club realized that its methods were different.	部員は方法が違うと気づきました。
V11-B12-G3-013	7	1.4298	On the next visit, members selected three habitat types in each pond and used the same net time at every point.	次の調査では両方の池で三種類の環境を選び、それぞれ同じ時間だけ網を使いました。
V11-B12-G3-013	8	1.4258	The new survey still found many insects in the first pond, but several species appeared only near fallen branches in the second.	最初の池ではやはり多くの昆虫が見つかりましたが、二つ目の池では落ちた枝の近くだけに現れる種類もありました。
V11-B12-G3-013	9	0.1272	The club changed its report from a simple ranking to a description of how habitat affected what they found.	部は単純な順位づけをやめ、環境の違いが見つかる昆虫にどう影響するかを説明する報告へ変えました。
V11-B12-G3-013	10	0.344	A fair comparison required broader sampling, not just more counts from the easiest place.	公平に比べるには、最も調べやすい場所で回数だけ増やすのではなく、幅広い場所を調べる必要がありました。
V11-B12-G3-014	1	0.034	A neighborhood center planned a tool-lending library so residents could borrow drills, saws, and gardening equipment instead of buying items used only a few times a year.	地域センターは、年に数回しか使わないドリル、のこぎり、園芸用品などを住民が購入せず借りられる工具貸出制度を計画しました。
V11-B12-G3-014	2	0.2463	The first proposal required a 5,000-yen deposit for every tool.	最初の案では、どの工具にも5,000円の保証金を求めました。
V11-B12-G3-014	3	0.1042	Organizers believed the deposit would reduce loss and pay for repairs.	紛失を減らし、修理費にも使えると考えたからです。
V11-B12-G3-014	4	0.1019	During a public meeting, however, several residents said the amount would prevent some families from using the service.	しかし住民説明会では、その金額では利用できない家庭もあるという意見が出ました。
V11-B12-G3-014	5	0.1666	Others worried that removing deposits completely would make the center responsible for expensive damage.	一方、保証金を完全になくすと高額な破損をセンターが負担することになると心配する人もいました。
V11-B12-G3-014	6	1.5374	Rather than choosing one side immediately, the center studied six months of records from a similar program in another city.	そこで二者択一にせず、別の市の類似制度について6か月分の記録を調べました。
V11-B12-G3-014	7	1.5117	Most late returns involved low-cost hand tools, while the largest repair costs came from two electric tools used without instruction.	返却遅れの多くは安い手工具で起きていましたが、大きな修理費は、説明を受けず使われた電動工具二件から生じていました。
V11-B12-G3-014	8	0.1891	The group designed a two-month pilot.	そこで2か月の試行を行いました。
V11-B12-G3-014	9	0.2399	Hand tools would require no deposit, but borrowers would show identification and agree to a return date.	手工具は保証金なしで、身分確認と返却日の同意だけにしました。
V11-B12-G3-014	10	0.0276	Electric tools would require a smaller 2,000-yen deposit and a ten-minute safety explanation.	電動工具は2,000円の保証金と10分の安全説明を必要としました。
V11-B12-G3-014	11	0.0753	The center also created a repair fund from membership donations instead of expecting deposits to cover every problem.	また、すべての問題を保証金でまかなうのではなく、会員寄付から修理基金を作りました。
V11-B12-G3-014	13	0.1285	The center returned deposits after safe returns as promised.	安全に返された場合は約束どおり保証金も返しました。
V11-B12-G3-014	14	0.0534	At the review meeting, organizers decided to continue the mixed policy rather than move to either a large deposit for everything or no responsibility at all.	検討会では、すべてに高額保証金を課す案にも、責任を完全になくす案にもせず、この混合方式を続けることにしました。
V11-B12-G3-014	15	0.0015	The pilot suggested that different risks needed different responses, and that access and protection did not have to be treated as opposite goals.	異なる危険には異なる対応が必要で、利用しやすさと保護は必ずしも反対の目標ではないと試行から分かりました。
V11-B12-G3-015	1	0.2417	Students helped a neighborhood group survey how residents used a new park.	生徒たちは地域団体と一緒に、新しい公園を住民がどう使っているか調査しました。
V11-B12-G3-015	2	0.1085	They divided a paper map into blocks and planned to visit ten homes in each block.	紙の地図を区画に分け、各区画で10世帯を訪ねる計画でした。
V11-B12-G3-015	3	0.0037	After the first weekend, almost every answer came from detached houses.	しかし最初の週末の回答は、ほとんどが戸建て住宅からでした。
V11-B12-G3-015	4	1.4847	Sana compared the survey map with the city's public address map and discovered that three large apartment buildings had not been drawn on the students' older map.	サナが市の公開住所地図と比べると、生徒が使っていた古い地図には大きな集合住宅が三棟載っていないと分かりました。
V11-B12-G3-015	5	1.4979	Together, those buildings contained more households than two of the small blocks they had already visited.	その三棟の世帯数を合わせると、すでに調査した小さな二区画より多くなります。
V11-B12-G3-015	6	1.4054	The team added the buildings, asked the same questions there, and reported the two rounds separately before combining them.	そこで集合住宅を地図へ加え、同じ質問を行い、最初と追加の調査を分けて報告してから統合しました。
V11-B12-G3-015	7	0.052	Apartment residents used the park more often in the evening and asked for brighter path lighting, a pattern that had barely appeared in the first results.	集合住宅の住民は夕方に公園を使う割合が高く、通路を明るくしてほしいという希望も多く、最初の結果にはほとんど現れていませんでした。
V11-B12-G3-015	8	0.1261	The original answers were not false, but the sampling frame had excluded a large part of the neighborhood.	最初の回答が間違いだったのではなく、調査対象を決める地図が地域の大きな部分を外していたのです。
V11-B12-G3-015	9	0.1133	Fixing the map changed whose experiences could be heard.	地図を直すことで、誰の経験を聞けるかが変わりました。
V11-B12-G3-016	1	1.765	A community center planned a winter reading event from 13:30 to 17:00.	地域センターは13時30分から17時まで冬の読書イベントを計画していました。
V11-B12-G3-016	2	0.053	Ninety-five people had registered, including thirty children who had pre-registered for the craft track.	登録者は95人で、そのうち30人の子どもが工作コースへ事前登録していました。
V11-B12-G3-016	3	0.051	Five accompanying adults were assigned to stay with that group, making a craft group of thirty-five.	そのグループには付き添いの大人5人が入り、工作グループは合計35人です。
V11-B12-G3-016	4	0.0908	The original plan used the outdoor stage for the opening, Hall A for two reading sessions, and Room B for crafts.	最初の計画では、開会を屋外ステージで行い、二つの読書会をAホール、工作をB室で行う予定でした。
V11-B12-G3-016	5	1.4154	A weather forecast issued that morning changed the situation: snow was expected to become heavy after 15:00, and roads might slow after 16:00.	しかし当日朝の予報で、15時以降は雪が強くなり、16時以降は道路が遅れる可能性があると分かりました。
V11-B12-G3-016	6	1.519	The center had three return shuttles to the station at 15:10, 16:10, and 17:10.	駅への帰りのシャトルは15時10分、16時10分、17時10分です。
V11-B12-G3-016	7	0.1362	Hall A was heated and held eighty people, Room B was heated and held thirty-five, and the outdoor stage held 120 but had no heating.	Aホールは暖房があり定員80人、B室は暖房があり定員35人、屋外ステージは120人入れますが暖房はありません。
V11-B12-G3-016	8	0.0756	The staff first considered moving all activities into Hall A.	スタッフはまず全活動をAホールへ移そうとしました。
V11-B12-G3-016	9	0.4551	That would solve the cold-weather problem, but ninety-five registered participants could not all enter a room with a capacity of eighty.	それなら寒さの問題は解決できますが、95人は定員80人を超えます。
V11-B12-G3-016	10	0.2766	A student volunteer, Mai, proposed using the two heated rooms as parallel tracks instead.	そこで生徒ボランティアのマイは、暖房のある二室を同時に別コースとして使う案を出しました。
V11-B12-G3-016	11	1.4159	From 13:30 to 15:00, the thirty-five-person craft group would stay in Room B for a short read-aloud and the planned craft activity.	13時30分から15時まで、35人の工作グループはB室で短い読み聞かせと予定していた工作を行います。
V11-B12-G3-016	12	0.0714	The other sixty participants would attend the main reading program in Hall A.	残り60人はAホールで主な読書プログラムに参加します。
V11-B12-G3-016	13	0.0271	Neither room would exceed its limit, and families in the craft group would stay together.	どちらの部屋も定員を超えず、工作グループの家族も一緒にいられます。
V11-B12-G3-016	14	1.3511	The formal program would end at 15:00, allowing people who were worried about snow to take the 15:10 shuttle.	正式プログラムは15時に終了し、雪が心配な人は15時10分のシャトルを使えます。
V11-B12-G3-016	15	0.1071	A smaller optional reading circle for up to thirty-five people could continue in Room B until 15:50, still giving participants time for the 16:10 shuttle.	希望者35人までの小さな読書会だけをB室で15時50分まで続ければ、16時10分の便にも間に合います。
V11-B12-G3-016	16	0.053	The outdoor stage would not be used.	屋外ステージは使いません。
V11-B12-G3-016	17	0.0459	Staff checked the registration list before announcing the change and confirmed the group sizes.	スタッフは変更を発表する前に登録名簿を確認し、各グループの人数を確かめました。
V11-B12-G3-016	18	0.0897	The revised plan shortened the event and offered fewer chances to move between activities, but it respected room capacities, provided heated space, and reduced dependence on travel after the forecast's risk period.	修正版はイベントが短くなり、活動間を移動する機会も減りますが、定員を守り、暖房のある場所を確保し、予報で危険が高まる時間以降の移動への依存を減らします。
V11-B12-G3-016	19	0.0741	The center posted the change before noon and asked families to choose the early shuttle if possible.	センターは正午前に変更を知らせ、可能なら早いシャトルを使うよう家族へ依頼しました。
V11-B12-G3-016	20	0.1203	Mai's plan worked because it treated the forecast, room map, shuttle times, and attendance limits as connected conditions rather than separate pieces of information.	マイの案が成立したのは、天気予報、部屋の地図、シャトル時刻、参加人数を別々ではなく関連する条件として扱ったからです。
